{"gen": [0, 1, 2, 3, 4, 5, 6, 7, 8, 9, 10, 11, 12, 13, 14, 15, 16, 17, 18, 19, 20, 21, 22, 23, 24, 25, 26, 27, 28, 29, 30, 31, 32, 33, 34, 35, 36, 37, 38, 39, 40, 41, 42, 43, 44, 45, 46, 47, 48, 49, 50, 51, 52, 53, 54, 55, 56, 57, 58, 59, 60, 61, 62, 63, 64, 65, 66, 67, 68, 69, 70, 71, 72, 73, 74, 75, 76, 77, 78, 79, 80, 81, 82, 83, 84, 85, 86, 87, 88, 89, 90, 91, 92, 93, 94, 95, 96, 97, 98, 99], "best_fitness": [0.3426609933376312, 0.33469828963279724, 0.3253733217716217, 0.31644871830940247, 0.3070753514766693, 0.3041982054710388, 0.30053046345710754, 0.2936978340148926, 0.29250332713127136, 0.2912430465221405, 0.29075610637664795, 0.29056835174560547, 0.2881711423397064, 0.28603804111480713, 0.283602774143219, 0.2831420302391052, 0.28309041261672974, 0.27998998761177063, 0.27967900037765503, 0.27923423051834106, 0.2766166627407074, 0.2754228711128235, 0.27453553676605225, 0.2727007269859314, 0.27250826358795166, 0.2718488276004791, 0.27067604660987854, 0.26952454447746277, 0.26881763339042664, 0.2673138380050659, 0.26547035574913025, 0.26469454169273376, 0.26284000277519226, 0.2614043653011322, 0.25869128108024597, 0.25869128108024597, 0.25852540135383606, 0.2569504976272583, 0.2566877603530884, 0.2547888457775116, 0.25370702147483826, 0.25279927253723145, 0.2516889274120331, 0.25132274627685547, 0.2508831024169922, 0.2497154027223587, 0.2482413798570633, 0.24694575369358063, 0.24546827375888824, 0.2427085041999817, 0.24235546588897705, 0.24190065264701843, 0.24129261076450348, 0.24067193269729614, 0.2393980622291565, 0.2393980622291565, 0.23917505145072937, 0.237942636013031, 0.23721545934677124, 0.23620307445526123, 0.23589393496513367, 0.2347075194120407, 0.2345314621925354, 0.23402267694473267, 0.23369057476520538, 0.23261575400829315, 0.23240146040916443, 0.23206138610839844, 0.2304707020521164, 0.23039467632770538, 0.22995203733444214, 0.22939202189445496, 0.22878628969192505, 0.2272995114326477, 0.22657842934131622, 0.2252916544675827, 0.2252916544675827, 0.22507917881011963, 0.22477757930755615, 0.2242211252450943, 0.22373630106449127, 0.22243884205818176, 0.22243884205818176, 0.22232291102409363, 0.22172269225120544, 0.22069117426872253, 0.22022154927253723, 0.21958406269550323, 0.2193368375301361, 0.2188107818365097, 0.21815849840641022, 0.21734517812728882, 0.21696262061595917, 0.21640947461128235, 0.21566778421401978, 0.21523931622505188, 0.2144453227519989, 0.2139595001935959, 0.2139595001935959, 0.2138420194387436], "geno_var": [0.07021000981330872, 0.06518378853797913, 0.06038164719939232, 0.05299330875277519, 0.04579709470272064, 0.039577167481184006, 0.03681035339832306, 0.032979339361190796, 0.025921911001205444, 0.0169232040643692, 0.011409264989197254, 0.007448259741067886, 0.005595947150141001, 0.004918479826301336, 0.002847169293090701, 0.0020881479140371084, 0.002285448834300041, 0.002133348025381565, 0.0022501805797219276, 0.0008579376735724509, 0.00067775888601318, 0.0006349731120280921, 0.0005471750046126544, 0.00048474493087269366, 0.000522778311278671, 0.0005582579178735614, 0.000322273961501196, 0.00016834410780575126, 0.00010114899487234652, 0.00010205250146100298, 0.00010416645818622783, 0.00010272891086060554, 0.00010333624231861904, 0.00010536392073845491, 0.00011061014083679765, 0.00010640153050189838, 9.666084952186793e-05, 0.00010062073124572635, 0.000109641689050477, 0.0001143777190009132, 0.00011619322322076187, 0.0001149863310274668, 0.00010729824134614319, 0.00011557908146642148, 0.00011788526171585545, 0.00012323691044002771, 0.00012405305460561067, 0.00012800887634512037, 0.00013551730080507696, 0.000140603311592713, 0.00011660498421406373, 9.595687879482284e-05, 8.655609417473897e-05, 8.056923252297565e-05, 8.55245380080305e-05, 8.674389391671866e-05, 8.79579529282637e-05, 9.57202646532096e-05, 0.00010647415911080316, 0.00011076546070398763, 0.00011418163194321096, 0.00011362032819306478, 0.00011822146916529164, 0.00012398978287819773, 0.00012297419016249478, 0.00012143332423875108, 0.00012685811088886112, 0.0001286162150790915, 0.00013014193973504007, 0.00014369148993864655, 0.0001525196130387485, 0.00014671751705463976, 0.00013744497846346349, 0.00014176979311741889, 0.0001480575156165287, 0.00015020290447864681, 0.00014542856661137193, 0.00014949541946407408, 0.00014700827887281775, 0.000131207998492755, 0.00014757350436411798, 0.00014621374430134892, 0.00015409683692269027, 0.00016121020598802716, 0.00016381403838749975, 0.00017088519234675914, 0.0001774244592525065, 0.00016230058099608868, 0.0001536848139949143, 0.00017287528316956013, 0.00017221445159520954, 0.00016804503684397787, 0.00014992177602835, 0.00015955811250023544, 0.00016018259339034557, 0.00015138114395085722, 0.00013704627053812146, 0.00012727853027172387, 0.00013568659778684378, 0.00013568659778684378], "geno_entropy": [3.174682448936334, 2.6031309625512105, 2.2137121291346835, 1.812900595721569, 1.5422337881741606, 1.3041510180203653, 1.1604259090344136, 1.0311123038834193, 0.8369356137925655, 0.591056184216534, 0.4376519105316669, 0.30580216360728457, 0.25432418372965165, 0.2426471515587163, 0.20290197134824814, 0.18685075942777052, 0.1959292607707742, 0.19409406808280136, 0.20835309499031918, 0.18035072475026181, 0.19320169740660026, 0.18737596308015367, 0.15340609342723222, 0.12143852409834949, 0.13189366697438773, 0.14386920940539055, 0.15636055345664926, 0.1615844543983469, 0.166288097592832, 0.17051548767395144, 0.17792409108366058, 0.17427666859302782, 0.17338241783018254, 0.17868238731395872, 0.18776780353270875, 0.17648673289898872, 0.15747568411845497, 0.16254198382885285, 0.17956158115420526, 0.17896414609377512, 0.17697966245659913, 0.18337076322251505, 0.1801082373227536, 0.19027384985666085, 0.18434078179942773, 0.1835427010666441, 0.18765540353641427, 0.19639411768431378, 0.20477746278442926, 0.20983245509959916, 0.18398491889153706, 0.1556306599955699, 0.1428746354174471, 0.13636114324598617, 0.1544734191508662, 0.15735804733715786, 0.1638710120128905, 0.17529468673077092, 0.18846709534263098, 0.19671978331372578, 0.20272948393256354, 0.19902608728893478, 0.2086488723377146, 0.21829702892672775, 0.21969021667789082, 0.21700802329132138, 0.21833838720592502, 0.2202605066698479, 0.22724035203233264, 0.23885735834537233, 0.2512178177425979, 0.2320795374222768, 0.21377201900860587, 0.21669325917627605, 0.2162015648196675, 0.21304617570855278, 0.20269106803567102, 0.20905490655773723, 0.2090147386084668, 0.18927520382072785, 0.20452907052837876, 0.2083822339941485, 0.21419435159209893, 0.22694435864787096, 0.22329852162956382, 0.2343701472129797, 0.24201652151982245, 0.22635833936875582, 0.2097257996122811, 0.23010627731518, 0.22627899902650409, 0.22453421594096312, 0.20470140492547717, 0.2209637686234053, 0.22681910968545424, 0.2192446485609845, 0.20249681711829146, 0.19846440050647635, 0.20543127112948623, 0.20543127112948623], "pheno_gen": [0, 5, 10, 15, 20, 25, 30, 35, 40, 45, 50, 55, 60, 65, 70, 75, 80, 85, 90, 95], "pheno_var": [0.0779321938753128, 0.05382699891924858, 0.01770813576877117, 0.0057427044957876205, 0.004171043634414673, 0.009237643331289291, 0.00595724955201149, 0.0060081034898757935, 0.005266166292130947, 0.0058777364902198315, 0.003233677474781871, 0.0047279405407607555, 0.004716068971902132, 0.003026758786290884, 0.00479016313329339, 0.004879906307905912, 0.003262464189901948, 0.003559320466592908, 0.004713802132755518, 0.0034395726397633553], "pheno_entropy": [2.222003980067274, 1.199457367292798, 0.4100174982091438, 0.21363062519943418, 0.26276598355238495, 0.323597388954135, 0.31544568096834286, 0.3105707701926482, 0.3830787069400711, 0.3679154454766876, 0.2531398616936658, 0.22901778043567642, 0.2326172232942296, 0.22526406490860026, 0.39687417281044496, 0.20851350602540705, 0.22712293221971178, 0.28664547994308864, 0.16305130161980017, 0.21202867704698103]}