{"gen": [0, 1, 2, 3, 4, 5, 6, 7, 8, 9, 10, 11, 12, 13, 14, 15, 16, 17, 18, 19, 20, 21, 22, 23, 24, 25, 26, 27, 28, 29, 30, 31, 32, 33, 34, 35, 36, 37, 38, 39, 40, 41, 42, 43, 44, 45, 46, 47, 48, 49, 50, 51, 52, 53, 54, 55, 56, 57, 58, 59, 60, 61, 62, 63, 64, 65, 66, 67, 68, 69, 70, 71, 72, 73, 74, 75, 76, 77, 78, 79, 80, 81, 82, 83, 84, 85, 86, 87, 88, 89, 90, 91, 92, 93, 94, 95, 96, 97, 98, 99], "best_fitness": [0.33371588587760925, 0.33157879114151, 0.33104828000068665, 0.3198724389076233, 0.31155431270599365, 0.30825552344322205, 0.30825552344322205, 0.30736279487609863, 0.30736279487609863, 0.3041752576828003, 0.30346256494522095, 0.3026348948478699, 0.3001492917537689, 0.2972885072231293, 0.296487420797348, 0.2953929007053375, 0.2941967248916626, 0.2941967248916626, 0.2915170192718506, 0.29102078080177307, 0.29051539301872253, 0.28962182998657227, 0.28725022077560425, 0.28725022077560425, 0.28661155700683594, 0.28561708331108093, 0.28437185287475586, 0.2836676239967346, 0.28236401081085205, 0.28175169229507446, 0.28061679005622864, 0.27980488538742065, 0.27818065881729126, 0.27787262201309204, 0.27638089656829834, 0.2760416865348816, 0.27534109354019165, 0.2741006314754486, 0.26970502734184265, 0.2690034806728363, 0.2671140432357788, 0.26701152324676514, 0.2656281590461731, 0.2651835083961487, 0.26501354575157166, 0.2631721496582031, 0.26136162877082825, 0.2587127983570099, 0.25732845067977905, 0.25732845067977905, 0.25671589374542236, 0.2543656826019287, 0.2543656826019287, 0.2543100118637085, 0.2528517246246338, 0.2526443600654602, 0.2512877285480499, 0.2504687011241913, 0.2504687011241913, 0.2496614009141922, 0.24807418882846832, 0.24665294587612152, 0.2450825572013855, 0.24384093284606934, 0.24240095913410187, 0.24240095913410187, 0.24213221669197083, 0.2419632375240326, 0.2413225620985031, 0.2404962033033371, 0.2401837855577469, 0.239988312125206, 0.23941732943058014, 0.23874561488628387, 0.2375870645046234, 0.23641154170036316, 0.23534062504768372, 0.234962597489357, 0.23298214375972748, 0.23298214375972748, 0.23286841809749603, 0.23196814954280853, 0.23002409934997559, 0.23002409934997559, 0.2288646697998047, 0.22883129119873047, 0.22791442275047302, 0.22694112360477448, 0.22624823451042175, 0.2255837321281433, 0.22507092356681824, 0.2240658402442932, 0.22267158329486847, 0.22202156484127045, 0.22202156484127045, 0.22185271978378296, 0.22120265662670135, 0.22120265662670135, 0.21952058374881744, 0.2193256914615631], "geno_var": [0.07020210474729538, 0.06608577817678452, 0.05496399104595184, 0.04686316102743149, 0.04030383378267288, 0.032334472984075546, 0.022464528679847717, 0.015396076254546642, 0.012878854759037495, 0.008859935216605663, 0.008482486940920353, 0.008512322790920734, 0.008917474187910557, 0.007835082709789276, 0.007582725491374731, 0.007287160959094763, 0.005819817539304495, 0.005265955813229084, 0.004462778102606535, 0.002385524334385991, 0.0014495545765385032, 0.0011963441502302885, 0.00040571021963842213, 0.0003487429639790207, 8.669960516272113e-05, 8.643460023449734e-05, 8.845813863445073e-05, 9.134611173067242e-05, 9.809981565922499e-05, 0.0001141396933235228, 0.00012754449562635273, 0.0001245491293957457, 0.00011896900832653046, 0.0001166310757980682, 0.00012098340812372044, 0.0001257044350495562, 0.00012672031880356371, 0.00012816577509511262, 0.00012566162331495434, 0.0001150538882939145, 0.00012109019735362381, 0.00010577631474006921, 9.847793990047649e-05, 0.00011092956992797554, 0.000107875261164736, 0.00010851754632312804, 0.00011274144344497472, 0.00011845170956803486, 0.00012595829321071506, 0.0001244554587174207, 0.00012364433496259153, 0.00011891184840351343, 0.00012349664757493883, 0.00012919868458993733, 0.00011924125283258036, 0.00010249295883113518, 0.00011411903687985614, 0.00011442779214121401, 0.00010933419980574399, 0.00012087947106920183, 0.0001207030945806764, 9.434585081180558e-05, 9.726225107442588e-05, 0.00010160050442209467, 0.0001013087312458083, 0.0001027478720061481, 0.00011644574260571972, 0.00010210903565166518, 0.00011312567949062213, 0.000107965235656593, 0.00012166400119895115, 0.00010862154158530757, 0.00011023810657206923, 0.00010542638483457267, 0.00011839619401143864, 0.00013006386870983988, 0.00012480888108257204, 0.00010843338532140478, 0.00010241358540952206, 0.00010994927288265899, 0.00011438456567702815, 0.00011512321361806244, 0.00011313668801449239, 0.00011602308950386941, 0.00011680931493174285, 0.00012198628974147141, 9.849987691268325e-05, 0.00010401273902971298, 0.00010228134487988427, 0.00010070869029732421, 0.00010130757436854765, 0.0001007204846246168, 0.00010473177098901942, 0.00010340857988921925, 0.0001038766058627516, 0.00010865635704249144, 0.00010650620970409364, 9.222267544828355e-05, 8.938910468714312e-05, 8.938910468714312e-05], "geno_entropy": [3.19718969663188, 2.790268947016075, 2.0435127603693237, 1.5547852540357683, 1.3495006481165197, 1.055140532352731, 0.7794193282753892, 0.5524868863664364, 0.4775138097070692, 0.3883105886250098, 0.3776966233251872, 0.3898441687258196, 0.40395300318020055, 0.37440102734414843, 0.3698106453976304, 0.3582915570150129, 0.3127704998362462, 0.292689278676507, 0.26837967254761025, 0.22104567571314873, 0.20466803231795525, 0.1997828788613311, 0.1750791940222528, 0.17321144902078478, 0.14700633954641393, 0.1312901773363643, 0.13333674244733526, 0.14138503464585922, 0.1520429450227784, 0.16772446929853482, 0.17579294030921674, 0.17989812623287196, 0.17375020641440997, 0.17399229514703005, 0.18218453341065727, 0.18496314053581478, 0.18718153916383448, 0.1838495553406558, 0.17595964239696651, 0.16359480341856444, 0.17146874302694773, 0.15992492423644097, 0.15590941436300573, 0.17351130961425237, 0.170810693481459, 0.17323458377421558, 0.17657654728057484, 0.18163153147286187, 0.19486528694553715, 0.20101648131069577, 0.1912859159369271, 0.18302748442392955, 0.19345774190284187, 0.2062717340650504, 0.19471010809343892, 0.17304617636232375, 0.1814668173604233, 0.18391342611041858, 0.17577362964279158, 0.18766978435252407, 0.18862439223976657, 0.15789447016622588, 0.16206268830788093, 0.1609181598479503, 0.16583691119573832, 0.1654400535272912, 0.17383528051061062, 0.1622048883126663, 0.1816414534244682, 0.1699672610461155, 0.1878495820504262, 0.1756318370539493, 0.17922515406912817, 0.17576675233873765, 0.1899701253405737, 0.2013574277300316, 0.19558402520647686, 0.18169096274223626, 0.17268510385018435, 0.18690612668918544, 0.19088598973284762, 0.18542154444699901, 0.18374398669874578, 0.187382492788217, 0.1896313348736132, 0.1933874288396636, 0.1558218843448895, 0.15918631927087915, 0.15463321422568718, 0.1618296413574141, 0.17092305259474233, 0.17277299820316538, 0.1785557709935236, 0.17365512208441777, 0.1763880452824843, 0.18077874948870384, 0.17499803593544236, 0.15936570712475043, 0.1466673552625761, 0.1466673552625761], "pheno_gen": [0, 5, 10, 15, 20, 25, 30, 35, 40, 45, 50, 55, 60, 65, 70, 75, 80, 85, 90, 95], "pheno_var": [0.06257705390453339, 0.04207148402929306, 0.02412676438689232, 0.016455654054880142, 0.0062078433111310005, 0.0026102110277861357, 0.00636470690369606, 0.005122447852045298, 0.007183506619185209, 0.006291909608989954, 0.006845101248472929, 0.004929633811116219, 0.0042282273061573505, 0.002954169875010848, 0.003036058973520994, 0.004718008916825056, 0.005504942964762449, 0.003758032573387027, 0.004108721856027842, 0.006210783496499062], "pheno_entropy": [1.9608058561214647, 1.1252106531517847, 0.6166001427472851, 0.5056844784690301, 0.5149055945020273, 0.22502276115344344, 0.48975277330354516, 0.387538642579448, 0.4417899972230939, 0.4527058491972696, 0.4558979446168781, 0.35045791839895285, 0.3268618579732141, 0.1749923776781217, 0.21296814809868095, 0.3413343593295575, 0.31791604139425594, 0.3735279786755115, 0.3312856928556522, 0.32197142296167786]}