{"gen": [0, 1, 2, 3, 4, 5, 6, 7, 8, 9, 10, 11, 12, 13, 14, 15, 16, 17, 18, 19, 20, 21, 22, 23, 24, 25, 26, 27, 28, 29, 30, 31, 32, 33, 34, 35, 36, 37, 38, 39, 40, 41, 42, 43, 44, 45, 46, 47, 48, 49, 50, 51, 52, 53, 54, 55, 56, 57, 58, 59, 60, 61, 62, 63, 64, 65, 66, 67, 68, 69, 70, 71, 72, 73, 74, 75, 76, 77, 78, 79, 80, 81, 82, 83, 84, 85, 86, 87, 88, 89, 90, 91, 92, 93, 94, 95, 96, 97, 98, 99], "best_fitness": [0.3344002068042755, 0.33420348167419434, 0.3341543674468994, 0.3266449570655823, 0.3229970335960388, 0.3184022009372711, 0.3184022009372711, 0.3184022009372711, 0.3184022009372711, 0.3184022009372711, 0.3184022009372711, 0.3184022009372711, 0.3184022009372711, 0.3184022009372711, 0.31803709268569946, 0.31803709268569946, 0.31803709268569946, 0.31803709268569946, 0.31803709268569946, 0.31803709268569946, 0.31803709268569946, 0.31803709268569946, 0.31803709268569946, 0.31803709268569946, 0.31803709268569946, 0.31803709268569946, 0.31803709268569946, 0.31803709268569946, 0.31803709268569946, 0.31803709268569946, 0.31803709268569946, 0.31803709268569946, 0.31803709268569946, 0.31803709268569946, 0.3158511519432068, 0.31460362672805786, 0.3133668601512909, 0.3117679953575134, 0.3117679953575134, 0.3117679953575134, 0.3117679953575134, 0.3117679953575134, 0.3116120398044586, 0.3116120398044586, 0.3116120398044586, 0.3116120398044586, 0.3116120398044586, 0.3116120398044586, 0.3116120398044586, 0.3116120398044586, 0.3116120398044586, 0.3116120398044586, 0.3116120398044586, 0.3116120398044586, 0.3116120398044586, 0.3116120398044586, 0.3116120398044586, 0.3116120398044586, 0.3116120398044586, 0.3115585446357727, 0.3115585446357727, 0.3115585446357727, 0.3115585446357727, 0.3115585446357727, 0.3115585446357727, 0.3115585446357727, 0.3115585446357727, 0.3115585446357727, 0.3115585446357727, 0.3115585446357727, 0.3115585446357727, 0.3115585446357727, 0.3115585446357727, 0.3115585446357727, 0.3115585446357727, 0.3115585446357727, 0.3115585446357727, 0.3115585446357727, 0.3115585446357727, 0.3115585446357727, 0.3115585446357727, 0.3115585446357727, 0.3115585446357727, 0.3115585446357727, 0.3115585446357727, 0.3115585446357727, 0.3115585446357727, 0.3115585446357727, 0.3115585446357727, 0.3115585446357727, 0.3115585446357727, 0.3115585446357727, 0.3115585446357727, 0.3115585446357727, 0.3115585446357727, 0.3115585446357727, 0.3115585446357727, 0.3115585446357727, 0.3115585446357727, 0.3115585446357727], "geno_var": [0.0697823315858841, 0.06659067422151566, 0.06587549299001694, 0.06352611631155014, 0.06238537281751633, 0.060212451964616776, 0.05924547091126442, 0.056456319987773895, 0.05583099648356438, 0.05516447499394417, 0.05554983764886856, 0.05291435867547989, 0.049371857196092606, 0.048366524279117584, 0.048500049859285355, 0.046090926975011826, 0.047935958951711655, 0.046134285628795624, 0.046619806438684464, 0.046159546822309494, 0.04458644241094589, 0.045850593596696854, 0.043468061834573746, 0.04367801547050476, 0.04458354786038399, 0.0425691232085228, 0.04316876828670502, 0.042203087359666824, 0.039999932050704956, 0.04090498015284538, 0.039814677089452744, 0.038359981030225754, 0.039323803037405014, 0.03594999760389328, 0.03469344228506088, 0.035205941647291183, 0.03640396520495415, 0.03558342903852463, 0.03578381985425949, 0.03625998646020889, 0.034330736845731735, 0.036179084330797195, 0.03368683531880379, 0.034686289727687836, 0.032339490950107574, 0.03255857154726982, 0.03287647292017937, 0.03185531869530678, 0.032475195825099945, 0.031928762793540955, 0.03178037703037262, 0.03172997385263443, 0.0315541997551918, 0.03132927790284157, 0.03109266236424446, 0.03143735229969025, 0.03090115822851658, 0.03157087042927742, 0.030878806486725807, 0.03121952898800373, 0.03063807636499405, 0.03041587769985199, 0.031005222350358963, 0.030383218079805374, 0.030123252421617508, 0.02955632098019123, 0.02993667870759964, 0.02854938805103302, 0.029593223705887794, 0.02853739820420742, 0.028188621625304222, 0.028315959498286247, 0.02799345552921295, 0.027945833280682564, 0.02735610119998455, 0.02645600587129593, 0.025844203308224678, 0.026170358061790466, 0.026669105514883995, 0.027005035430192947, 0.026139110326766968, 0.02518220990896225, 0.0254682507365942, 0.024630390107631683, 0.025443699210882187, 0.02387724258005619, 0.02295915223658085, 0.023691326379776, 0.023457661271095276, 0.024057311937212944, 0.023372545838356018, 0.023645946756005287, 0.023112991824746132, 0.02322407439351082, 0.02332584746181965, 0.023350872099399567, 0.02309504710137844, 0.023324191570281982, 0.023896869271993637, 0.023896869271993637], "geno_entropy": [3.1347454992632424, 2.738721442723759, 2.7356197878824617, 2.521117085755849, 2.4392916673249774, 2.2861374559085115, 2.2063466296193055, 2.065501964975395, 2.060966031792348, 1.9841776511398617, 1.9378493657872633, 1.8661065184156043, 1.7614445960186855, 1.6910368907737092, 1.6985078342479847, 1.611546602960182, 1.6406805235037332, 1.552523070768149, 1.5844312406113277, 1.5633560808789593, 1.5297124068257448, 1.579588174031695, 1.4615732322031498, 1.4524337294437488, 1.4786311489817543, 1.4095379382556497, 1.4198890967740034, 1.40113384160038, 1.3346979846384457, 1.3398149460227855, 1.3135178660866782, 1.260508457378471, 1.305919442212434, 1.194079295306388, 1.1724267138816462, 1.1948121112223562, 1.2383571813497467, 1.2305322732071764, 1.2393667700407125, 1.248545319757903, 1.1987459764069897, 1.2322353097757988, 1.1810756753553893, 1.2127686673109468, 1.1577244848853052, 1.1688311230675155, 1.1887754622800397, 1.1673835704314635, 1.190128516652309, 1.1676566215103759, 1.1650579003416281, 1.1489474923728935, 1.1671540031235967, 1.1556542032398798, 1.1611976018245564, 1.1609770059958668, 1.1393818703552774, 1.1515108112883805, 1.1419139868686103, 1.150151439151027, 1.143053420272925, 1.1378369741711563, 1.1710873708785425, 1.1622457182748371, 1.148045974622752, 1.156796548673706, 1.1431394294295556, 1.1388064786205454, 1.1680595267632032, 1.1459511137909926, 1.1200720005276954, 1.1230177496525235, 1.1255691954179543, 1.139373203840426, 1.120339424558806, 1.1000057057168902, 1.068342514758256, 1.0978383996355099, 1.108852142735659, 1.0859177154805137, 1.0828969699990676, 1.0783596893301128, 1.0868005649095465, 1.0626583422058251, 1.0910497740810263, 1.068429738675946, 1.0381204785093372, 1.0685300091459737, 1.062438138628275, 1.0858687211873808, 1.061721257761967, 1.0676412794164836, 1.0711056116825954, 1.0652798025105044, 1.0761200722921809, 1.0955722394546483, 1.0826163435006684, 1.0806828817725067, 1.1048710693137687, 1.1048710693137687], "pheno_gen": [0, 5, 10, 15, 20, 25, 30, 35, 40, 45, 50, 55, 60, 65, 70, 75, 80, 85, 90, 95], "pheno_var": [0.06070603430271149, 0.05588073283433914, 0.05636295676231384, 0.05119878053665161, 0.05057353898882866, 0.05464882403612137, 0.04927990213036537, 0.05594068765640259, 0.044709213078022, 0.043111223727464676, 0.04442286491394043, 0.036027807742357254, 0.03635478392243385, 0.04388013482093811, 0.036159172654151917, 0.044280800968408585, 0.046874187886714935, 0.04675467684864998, 0.042478155344724655, 0.043586742132902145], "pheno_entropy": [2.1472280083227484, 1.4944227556159562, 1.4968493059461132, 1.209538802916743, 1.0965096112262882, 1.293984306041166, 1.0982798303981967, 1.3076433214896281, 0.969465256323767, 1.0339753079886642, 1.135227596800436, 0.9798034444818249, 0.8699528025109906, 0.9526145373978623, 0.9150686136934013, 1.0507813672243387, 1.043214004540166, 1.1554815329785693, 1.0067365995323319, 1.1791377691192018]}