{"gen": [0, 1, 2, 3, 4, 5, 6, 7, 8, 9, 10, 11, 12, 13, 14, 15, 16, 17, 18, 19, 20, 21, 22, 23, 24, 25, 26, 27, 28, 29, 30, 31, 32, 33, 34, 35, 36, 37, 38, 39, 40, 41, 42, 43, 44, 45, 46, 47, 48, 49, 50, 51, 52, 53, 54, 55, 56, 57, 58, 59, 60, 61, 62, 63, 64, 65, 66, 67, 68, 69, 70, 71, 72, 73, 74, 75, 76, 77, 78, 79, 80, 81, 82, 83, 84, 85, 86, 87, 88, 89, 90, 91, 92, 93, 94, 95, 96, 97, 98, 99], "best_fitness": [0.3187843859195709, 0.3152284324169159, 0.3123686611652374, 0.3101974129676819, 0.3018936812877655, 0.3018936812877655, 0.30103498697280884, 0.2922237813472748, 0.2922237813472748, 0.28954175114631653, 0.2875957489013672, 0.2856671214103699, 0.2847381830215454, 0.28338348865509033, 0.2804860770702362, 0.2804860770702362, 0.2804860770702362, 0.2804860770702362, 0.2804860770702362, 0.27793800830841064, 0.27520960569381714, 0.27520960569381714, 0.27520960569381714, 0.27520960569381714, 0.27520960569381714, 0.27520960569381714, 0.27520960569381714, 0.27520960569381714, 0.27520960569381714, 0.27520960569381714, 0.27520960569381714, 0.27520960569381714, 0.27520960569381714, 0.27520960569381714, 0.27514874935150146, 0.27514874935150146, 0.2743520736694336, 0.26840126514434814, 0.26840126514434814, 0.26840126514434814, 0.26840126514434814, 0.26840126514434814, 0.26840126514434814, 0.26840126514434814, 0.26840126514434814, 0.26840126514434814, 0.26840126514434814, 0.26840126514434814, 0.26840126514434814, 0.26840126514434814, 0.26840126514434814, 0.26840126514434814, 0.26840126514434814, 0.26840126514434814, 0.26840126514434814, 0.26840126514434814, 0.26840126514434814, 0.26840126514434814, 0.26840126514434814, 0.26840126514434814, 0.26840126514434814, 0.26840126514434814, 0.26840126514434814, 0.26840126514434814, 0.26840126514434814, 0.26840126514434814, 0.26840126514434814, 0.26840126514434814, 0.26840126514434814, 0.26840126514434814, 0.26840126514434814, 0.26840126514434814, 0.26840126514434814, 0.26840126514434814, 0.26840126514434814, 0.26840126514434814, 0.26840126514434814, 0.26840126514434814, 0.26840126514434814, 0.26840126514434814, 0.26840126514434814, 0.26840126514434814, 0.26840126514434814, 0.26840126514434814, 0.26840126514434814, 0.26840126514434814, 0.26840126514434814, 0.26840126514434814, 0.26840126514434814, 0.26840126514434814, 0.26840126514434814, 0.26840126514434814, 0.26840126514434814, 0.26840126514434814, 0.26840126514434814, 0.26840126514434814, 0.26840126514434814, 0.26840126514434814, 0.26840126514434814, 0.26840126514434814], "geno_var": [0.07089779525995255, 0.06596564501523972, 0.058740586042404175, 0.05768658220767975, 0.05468276888132095, 0.04748569428920746, 0.04395477846264839, 0.03786322474479675, 0.034630078822374344, 0.033749740570783615, 0.032242417335510254, 0.03130025789141655, 0.03098566085100174, 0.030086100101470947, 0.028956349939107895, 0.02678254060447216, 0.02817767672240734, 0.027155930176377296, 0.026270229369401932, 0.02561301924288273, 0.02606174536049366, 0.024778839200735092, 0.02388155274093151, 0.024247873574495316, 0.02451057732105255, 0.023027706891298294, 0.02316156029701233, 0.02326248399913311, 0.02364952117204666, 0.023384487256407738, 0.023177986964583397, 0.022591659799218178, 0.019942570477724075, 0.020784135907888412, 0.021511824801564217, 0.020208312198519707, 0.01987975277006626, 0.01881985552608967, 0.01766306720674038, 0.01813369430601597, 0.017995895817875862, 0.017186401411890984, 0.01775059476494789, 0.017066428437829018, 0.015587810426950455, 0.017033865675330162, 0.01667669229209423, 0.016169853508472443, 0.01584521494805813, 0.015536260791122913, 0.014808958396315575, 0.01520896703004837, 0.015562926419079304, 0.015191813930869102, 0.015428275801241398, 0.014915221370756626, 0.014963960275053978, 0.014628273434937, 0.014900876209139824, 0.014759080484509468, 0.014098035171627998, 0.013988294638693333, 0.013860172592103481, 0.013474145904183388, 0.012353151105344296, 0.011606988497078419, 0.011610164307057858, 0.011503105983138084, 0.011956708505749702, 0.012126955203711987, 0.011492137797176838, 0.011055032722651958, 0.010999138467013836, 0.011245105415582657, 0.011245659552514553, 0.01059839315712452, 0.00977666862308979, 0.00984936859458685, 0.009180452674627304, 0.009707092307507992, 0.010129407979547977, 0.009685162454843521, 0.00957096554338932, 0.00917558278888464, 0.009364406578242779, 0.009050542488694191, 0.009259209036827087, 0.009108766913414001, 0.009040876291692257, 0.008591488003730774, 0.009942428208887577, 0.009495995007455349, 0.00883285328745842, 0.008738220669329166, 0.008650564588606358, 0.008558002300560474, 0.008198133669793606, 0.008386141620576382, 0.00809095986187458, 0.00809095986187458], "geno_entropy": [3.2020284557772594, 2.5934384724957, 2.034566827135909, 1.993392314382137, 1.8722466278865468, 1.6144881984314956, 1.4622923530083927, 1.27298909268092, 1.1694379472270193, 1.1154041583032013, 1.0758905240810885, 1.033352365100282, 1.0295003866000514, 0.982937702144925, 0.9677388594217436, 0.8949253612689397, 0.9279479246456074, 0.9076360635950513, 0.871892195038499, 0.837421479985904, 0.8524317728826667, 0.8384376318972009, 0.8115552226494144, 0.8379076625260233, 0.8306141191531261, 0.7689761943405418, 0.7944536405635627, 0.8128836510093146, 0.8133122487455234, 0.8178077409247635, 0.8223769036028222, 0.8089676160984056, 0.7345523819595334, 0.7612672677843364, 0.7931771744419819, 0.7501714338522681, 0.7410280823186363, 0.7413129138227055, 0.7179457446486603, 0.7376809780434992, 0.7334780389544583, 0.7306964298660049, 0.7456872825643306, 0.7394450877633951, 0.7175910594038744, 0.754536006460749, 0.7367865354933743, 0.7291727162573904, 0.7054697903886067, 0.7087385996720292, 0.7037044985283749, 0.7201498445533515, 0.7141382825785172, 0.7209662316459331, 0.7352977273168751, 0.7379825204299797, 0.745944558430141, 0.7077453389958763, 0.724558482561059, 0.7036038663580448, 0.7166963994390335, 0.7091277308918003, 0.7139840969589796, 0.7050055171031775, 0.6983647102101803, 0.6928280373711916, 0.6914255122840275, 0.6950926487550125, 0.7008326690221012, 0.7216586252304695, 0.7196035826824182, 0.7077362696243293, 0.7160423058381977, 0.7216787169970394, 0.7230774073429882, 0.7123471626677895, 0.6890359018760844, 0.6863739304919991, 0.6860646988247362, 0.7001647566768702, 0.7207732639951462, 0.7205182245558693, 0.731156995787298, 0.7207743604384741, 0.7146307032020436, 0.7265657894951454, 0.7156700240768287, 0.7228382741961449, 0.7285961449600155, 0.7263253436178077, 0.7451481899958912, 0.748030544483587, 0.734163626132075, 0.735370867339575, 0.7454246449947295, 0.7278932584870529, 0.7249101866956819, 0.7468993192006281, 0.7407737254090432, 0.7407737254090432], "pheno_gen": [0, 5, 10, 15, 20, 25, 30, 35, 40, 45, 50, 55, 60, 65, 70, 75, 80, 85, 90, 95], "pheno_var": [0.06380662322044373, 0.04401455819606781, 0.03895881772041321, 0.029320234432816505, 0.02356664650142193, 0.01934846304357052, 0.02448846586048603, 0.01806592382490635, 0.017261071130633354, 0.01638970337808132, 0.01673874817788601, 0.015667365863919258, 0.015337254852056503, 0.015451818704605103, 0.016236508265137672, 0.017822347581386566, 0.017376186326146126, 0.018960051238536835, 0.018411707133054733, 0.020137662068009377], "pheno_entropy": [2.248697832547869, 1.3350772159596043, 1.0767257171818478, 0.9098983892167037, 0.8570546055750822, 0.9162051246286644, 1.051206122482788, 0.8830234193882915, 0.8081897594626214, 0.8154884639022068, 0.7942386044121234, 0.7829953632775473, 0.8457395591579927, 0.7889409574996105, 0.838481430375768, 0.8136003511224585, 0.7749244295014396, 0.8671761699578254, 0.8780612976615222, 0.807376501736348]}