{"gen": [0, 1, 2, 3, 4, 5, 6, 7, 8, 9, 10, 11, 12, 13, 14, 15, 16, 17, 18, 19, 20, 21, 22, 23, 24, 25, 26, 27, 28, 29, 30, 31, 32, 33, 34, 35, 36, 37, 38, 39, 40, 41, 42, 43, 44, 45, 46, 47, 48, 49, 50, 51, 52, 53, 54, 55, 56, 57, 58, 59, 60, 61, 62, 63, 64, 65, 66, 67, 68, 69, 70, 71, 72, 73, 74, 75, 76, 77, 78, 79, 80, 81, 82, 83, 84, 85, 86, 87, 88, 89, 90, 91, 92, 93, 94, 95, 96, 97, 98, 99], "best_fitness": [0.31781575083732605, 0.307796448469162, 0.307796448469162, 0.307796448469162, 0.307796448469162, 0.307796448469162, 0.307796448469162, 0.307796448469162, 0.307796448469162, 0.307796448469162, 0.307796448469162, 0.307796448469162, 0.307796448469162, 0.307796448469162, 0.307796448469162, 0.307796448469162, 0.307796448469162, 0.307796448469162, 0.307796448469162, 0.307796448469162, 0.307796448469162, 0.307796448469162, 0.307796448469162, 0.307796448469162, 0.307796448469162, 0.307796448469162, 0.307796448469162, 0.307796448469162, 0.307796448469162, 0.307796448469162, 0.307796448469162, 0.307796448469162, 0.307796448469162, 0.307796448469162, 0.307796448469162, 0.307796448469162, 0.307796448469162, 0.307796448469162, 0.307796448469162, 0.307796448469162, 0.307796448469162, 0.307796448469162, 0.307796448469162, 0.307796448469162, 0.307796448469162, 0.307796448469162, 0.307796448469162, 0.307796448469162, 0.307796448469162, 0.307796448469162, 0.307796448469162, 0.307796448469162, 0.307796448469162, 0.307796448469162, 0.307796448469162, 0.307796448469162, 0.307796448469162, 0.307796448469162, 0.307796448469162, 0.307796448469162, 0.307796448469162, 0.307796448469162, 0.307796448469162, 0.307796448469162, 0.307796448469162, 0.307796448469162, 0.307796448469162, 0.307796448469162, 0.307796448469162, 0.307796448469162, 0.307796448469162, 0.307796448469162, 0.307796448469162, 0.307796448469162, 0.307796448469162, 0.307796448469162, 0.307796448469162, 0.307796448469162, 0.307796448469162, 0.307796448469162, 0.307796448469162, 0.307796448469162, 0.307796448469162, 0.307796448469162, 0.307796448469162, 0.3028550148010254, 0.3028550148010254, 0.3028550148010254, 0.3028550148010254, 0.3028550148010254, 0.3028550148010254, 0.3028550148010254, 0.3028550148010254, 0.3028550148010254, 0.3028550148010254, 0.3028550148010254, 0.3028550148010254, 0.3028550148010254, 0.3028550148010254, 0.3028550148010254], "geno_var": [0.06924013793468475, 0.06832212209701538, 0.06586256623268127, 0.06756999343633652, 0.0660696029663086, 0.06570794433355331, 0.06359950453042984, 0.06312945485115051, 0.06143467128276825, 0.061187971383333206, 0.061062041670084, 0.05668843910098076, 0.0562659427523613, 0.05616273358464241, 0.05744000896811485, 0.0562356635928154, 0.05508720129728317, 0.05404479801654816, 0.05553054064512253, 0.05448757857084274, 0.05296175554394722, 0.05331050977110863, 0.05297890305519104, 0.05313846468925476, 0.050906479358673096, 0.051697272807359695, 0.050692666321992874, 0.05051027610898018, 0.051230523735284805, 0.04980230703949928, 0.050468504428863525, 0.04984300211071968, 0.04859917610883713, 0.04894601181149483, 0.047950856387615204, 0.047235846519470215, 0.046524111181497574, 0.0465564951300621, 0.04439133405685425, 0.04513654112815857, 0.04540213197469711, 0.04602997377514839, 0.04489581659436226, 0.04533613100647926, 0.043377045542001724, 0.04449918493628502, 0.04354008659720421, 0.04360237717628479, 0.043095383793115616, 0.04186451807618141, 0.042022302746772766, 0.041501227766275406, 0.04265541955828667, 0.0397455208003521, 0.041133034974336624, 0.04180838540196419, 0.04118061438202858, 0.04066929966211319, 0.04009896516799927, 0.04063915088772774, 0.039938513189554214, 0.038896623998880386, 0.03943100571632385, 0.03950102999806404, 0.03870061784982681, 0.03894589841365814, 0.0389716699719429, 0.03809498995542526, 0.038277480751276016, 0.03650647774338722, 0.038110435009002686, 0.03720412030816078, 0.03697178512811661, 0.03768409043550491, 0.0365452915430069, 0.036353468894958496, 0.03609434887766838, 0.036257319152355194, 0.03604590520262718, 0.03487611562013626, 0.036206211894750595, 0.03553536906838417, 0.03619034215807915, 0.036366306245326996, 0.035667505115270615, 0.0360473096370697, 0.03561801463365555, 0.035809241235256195, 0.036368630826473236, 0.03501349687576294, 0.035805732011795044, 0.03442710265517235, 0.03432565927505493, 0.03505980223417282, 0.03472282364964485, 0.033836729824543, 0.03310883417725563, 0.03374703228473663, 0.033095475286245346, 0.033095475286245346], "geno_entropy": [3.1833390234835792, 3.032607707317316, 2.78995459886137, 2.8352347524153165, 2.739481922088503, 2.6704868536286583, 2.529559943744832, 2.4887026303870137, 2.3853563712945163, 2.334270272143696, 2.3356327210895405, 2.098889510840803, 2.067698783863074, 2.0336569848817807, 2.0342619960155504, 2.002024850213968, 1.9519974645497367, 1.9124391340275813, 1.8917250613279315, 1.8712138597444667, 1.8151714417873743, 1.7982505384839746, 1.788483783349786, 1.788586860656869, 1.685080614607476, 1.7042781714308475, 1.6380551917157857, 1.6463573010236114, 1.6628323347102059, 1.6651854992904602, 1.675122362334789, 1.6493817243789104, 1.5975443763594295, 1.588598331201788, 1.5534491982529466, 1.532694483326642, 1.4999210856518468, 1.4949179312965215, 1.4518199751818623, 1.4674894602845876, 1.488543513008719, 1.4940721079833408, 1.4649141473961125, 1.4808539733697124, 1.4115221410171188, 1.4499729729274595, 1.4481941800325366, 1.4316595800821594, 1.3953708393428088, 1.3973444210137087, 1.395751331354104, 1.3820787522558204, 1.4119854364488937, 1.3380201405022218, 1.365101034019212, 1.4105524120537083, 1.4035971243869914, 1.400180777079975, 1.3742326782108307, 1.3736802872128127, 1.380757201173637, 1.3674718573592841, 1.354647932711928, 1.3469909628639798, 1.347766969429084, 1.3483624919478, 1.3500263077880685, 1.3203823591157966, 1.330509949377329, 1.2827602200818873, 1.3222855977279009, 1.3160044420107613, 1.3294818080025521, 1.344321938572338, 1.3143542076109092, 1.332054679032899, 1.3112609460101876, 1.3060688519518913, 1.264398415203934, 1.2535104286968592, 1.2505722566907165, 1.2346442991911781, 1.282460442131121, 1.2853521987980194, 1.2867671993057885, 1.2880352863487379, 1.2925991678692577, 1.2859937119079958, 1.2802529700351601, 1.2665666201358177, 1.2822072937490117, 1.243774850315878, 1.2272390400952058, 1.2566888083035137, 1.237514207383791, 1.2081545157620759, 1.20210554026131, 1.2091567323365628, 1.205932808637305, 1.205932808637305], "pheno_gen": [0, 5, 10, 15, 20, 25, 30, 35, 40, 45, 50, 55, 60, 65, 70, 75, 80, 85, 90, 95], "pheno_var": [0.0681954175233841, 0.0701180174946785, 0.06117197498679161, 0.05566255748271942, 0.05221394822001457, 0.0506049320101738, 0.04920833930373192, 0.04685090854763985, 0.04421165585517883, 0.040785279124975204, 0.04901440069079399, 0.05065084621310234, 0.05598004534840584, 0.05498601123690605, 0.05068834125995636, 0.04784121736884117, 0.057195596396923065, 0.05620772764086723, 0.053129374980926514, 0.04878539219498634], "pheno_entropy": [1.990481332302586, 1.8981554415702437, 1.8770163588934088, 1.708302853111513, 1.4375367654734983, 1.3154954166867632, 1.2974666740250107, 1.1326065352676442, 1.1486621378119504, 1.072512119944597, 1.1570591706732114, 1.0516491805759685, 1.1208781467423263, 1.1783583764020942, 1.2857281509883403, 1.3800187502043544, 1.4177350218403013, 1.326289944440733, 1.382278351989044, 1.224162728423333]}