{"gen": [0, 1, 2, 3, 4, 5, 6, 7, 8, 9, 10, 11, 12, 13, 14, 15, 16, 17, 18, 19, 20, 21, 22, 23, 24, 25, 26, 27, 28, 29, 30, 31, 32, 33, 34, 35, 36, 37, 38, 39, 40, 41, 42, 43, 44, 45, 46, 47, 48, 49, 50, 51, 52, 53, 54, 55, 56, 57, 58, 59, 60, 61, 62, 63, 64, 65, 66, 67, 68, 69, 70, 71, 72, 73, 74, 75, 76, 77, 78, 79, 80, 81, 82, 83, 84, 85, 86, 87, 88, 89, 90, 91, 92, 93, 94, 95, 96, 97, 98, 99], "best_fitness": [0.3376149535179138, 0.3376149535179138, 0.3297267556190491, 0.2993220090866089, 0.2993220090866089, 0.2993220090866089, 0.2993220090866089, 0.2913540005683899, 0.2913540005683899, 0.2913540005683899, 0.2857832908630371, 0.28169989585876465, 0.2815319895744324, 0.2799055278301239, 0.27575087547302246, 0.27418750524520874, 0.27058807015419006, 0.268871009349823, 0.2684764862060547, 0.26717236638069153, 0.2631935775279999, 0.26263663172721863, 0.2598983645439148, 0.25572314858436584, 0.25572314858436584, 0.2548399269580841, 0.2537471652030945, 0.2525533139705658, 0.25234565138816833, 0.25234565138816833, 0.25079765915870667, 0.25051969289779663, 0.24919156730175018, 0.24878378212451935, 0.2466595321893692, 0.24573244154453278, 0.24450065195560455, 0.24266855418682098, 0.241533562541008, 0.24008886516094208, 0.23747530579566956, 0.23747530579566956, 0.23587049543857574, 0.23536847531795502, 0.23310889303684235, 0.23310889303684235, 0.23310889303684235, 0.23230770230293274, 0.23224179446697235, 0.2318764328956604, 0.23122717440128326, 0.23037736117839813, 0.22927303612232208, 0.22737757861614227, 0.22727245092391968, 0.22727245092391968, 0.22662551701068878, 0.22646605968475342, 0.2255641520023346, 0.22522403299808502, 0.22448579967021942, 0.22396083176136017, 0.22258682548999786, 0.2205938845872879, 0.2205938845872879, 0.22031140327453613, 0.21967531740665436, 0.21896295249462128, 0.2179061770439148, 0.2172289341688156, 0.21661534905433655, 0.21527548134326935, 0.21527548134326935, 0.21482376754283905, 0.21482376754283905, 0.2146921008825302, 0.21419250965118408, 0.21359631419181824, 0.21359631419181824, 0.2132425308227539, 0.2132425308227539, 0.21247655153274536, 0.21114300191402435, 0.21114300191402435, 0.21084827184677124, 0.21009601652622223, 0.21009601652622223, 0.20953121781349182, 0.20910552144050598, 0.20878589153289795, 0.207855686545372, 0.2078426331281662, 0.20757965743541718, 0.20662415027618408, 0.20627184212207794, 0.20540903508663177, 0.20530720055103302, 0.2050267904996872, 0.2041628658771515, 0.20416255295276642], "geno_var": [0.07248881459236145, 0.06966783106327057, 0.06392870843410492, 0.06032511219382286, 0.05467039719223976, 0.05095935985445976, 0.04901525005698204, 0.04304702579975128, 0.040176957845687866, 0.037577997893095016, 0.03490293771028519, 0.033205557614564896, 0.030478380620479584, 0.027276942506432533, 0.023359522223472595, 0.021057091653347015, 0.01928529515862465, 0.01838080957531929, 0.016568072140216827, 0.015895841643214226, 0.014426851645112038, 0.013196260668337345, 0.011401812545955181, 0.010101196356117725, 0.009187682531774044, 0.009348835796117783, 0.008835881017148495, 0.008027997799217701, 0.00767908850684762, 0.007307798136025667, 0.007540740072727203, 0.006924223620444536, 0.006778394337743521, 0.006453103385865688, 0.006898089777678251, 0.007332256995141506, 0.006753966212272644, 0.0060534849762916565, 0.005893282126635313, 0.005559061653912067, 0.005342230200767517, 0.005582866258919239, 0.005252196453511715, 0.0053858631290495396, 0.005320429801940918, 0.0051667047664523125, 0.004606046713888645, 0.004335786681622267, 0.004422949627041817, 0.004766655620187521, 0.004750545602291822, 0.004361819941550493, 0.004343895707279444, 0.004262214060872793, 0.004554651211947203, 0.0048345886170864105, 0.004892510361969471, 0.004870707169175148, 0.004647077992558479, 0.0043723853304982185, 0.0044148387387394905, 0.004378948826342821, 0.004451496060937643, 0.004504228010773659, 0.004436954855918884, 0.004379707854241133, 0.004275089129805565, 0.00424450496211648, 0.004116230644285679, 0.004096243996173143, 0.004017143975943327, 0.0039042357821017504, 0.0036862425040453672, 0.0035092199686914682, 0.0036693308502435684, 0.0038833850994706154, 0.003952490631490946, 0.003868561005219817, 0.0039184968918561935, 0.0037288484163582325, 0.0036282753571867943, 0.0035561255645006895, 0.0035865784157067537, 0.003553396323695779, 0.003549944143742323, 0.0035353777930140495, 0.0035287663340568542, 0.0036054053343832493, 0.0035355633590370417, 0.0035997414961457253, 0.003569778986275196, 0.003636743640527129, 0.0035956241190433502, 0.0036489134654402733, 0.0036061659920960665, 0.0035680404398590326, 0.003465378889814019, 0.003450945718213916, 0.003104098839685321, 0.003104098839685321], "geno_entropy": [3.213536488278616, 2.7732797515739915, 2.243069586290779, 1.999778740887083, 1.725850361777575, 1.5547105129074286, 1.4911734116426802, 1.3038271412146298, 1.207258070862667, 1.1411293621455418, 1.0145440551894307, 0.9586426415812684, 0.8890419317446888, 0.8176433734455497, 0.6854336870231441, 0.6222392845564091, 0.5748823130278025, 0.5693008652319058, 0.5233417866718354, 0.5168004295588848, 0.4965940085562717, 0.47264233921886056, 0.4292445118381678, 0.4137198759272618, 0.3826077289252265, 0.4046980601138846, 0.39714614616440347, 0.3822698690710436, 0.34636596187369406, 0.3371566200539528, 0.35491616349734095, 0.3416778267193191, 0.3394680005598959, 0.31096681554570044, 0.3426305108583091, 0.35729623299148927, 0.35663735423847787, 0.32208248926096067, 0.32807009484574506, 0.324049387625934, 0.31250625418959455, 0.3152642994191853, 0.3143528496931228, 0.30600290364468796, 0.31391386530633325, 0.31492363936629575, 0.2940300922353176, 0.28281563968051304, 0.2977164481085259, 0.306081084523439, 0.3030552187004271, 0.2851663448319666, 0.2881259683753449, 0.3054870743805751, 0.3182379531761725, 0.31438664647348696, 0.3097831793218922, 0.3050782795223878, 0.28642499215976364, 0.28684704439576614, 0.2722358427843706, 0.2755878608702582, 0.28902939551264717, 0.29645814671493, 0.299173692478615, 0.28655859216183055, 0.29264155481213505, 0.28895841109400633, 0.29081525802513813, 0.2933515327400573, 0.2836525363870494, 0.27594323072001, 0.277244870763242, 0.27260039525999763, 0.2909661233198763, 0.28975905694265386, 0.29330985177448005, 0.2900142907356599, 0.280960625321354, 0.26990172457607225, 0.2685123748690092, 0.279400143225209, 0.2663361142407455, 0.27643459042126495, 0.2872516609559997, 0.3038700006523977, 0.30626288509548416, 0.3131725367973689, 0.31439321908906304, 0.30932198591245297, 0.3128864640454307, 0.3077974862988464, 0.3105781790601562, 0.314350623707575, 0.307731299254966, 0.2835769920337527, 0.27981855008739553, 0.26125397106127496, 0.26797560514792723, 0.26797560514792723], "pheno_gen": [0, 5, 10, 15, 20, 25, 30, 35, 40, 45, 50, 55, 60, 65, 70, 75, 80, 85, 90, 95], "pheno_var": [0.0655423030257225, 0.048806656152009964, 0.029010722413659096, 0.013322385028004646, 0.022112570703029633, 0.008883006870746613, 0.013135218992829323, 0.011141295544803143, 0.015112551860511303, 0.018624164164066315, 0.021961627528071404, 0.013640204444527626, 0.015267984941601753, 0.01606977917253971, 0.011465509422123432, 0.0088120112195611, 0.01873166486620903, 0.014461074024438858, 0.0198882594704628, 0.01813238114118576], "pheno_entropy": [2.1388025972182505, 1.1878141967828468, 0.8133656361633043, 0.5728487020420259, 0.5187835597190917, 0.3679341751872405, 0.502724016424537, 0.4225431577293948, 0.48596711584796976, 0.5404978361802111, 0.6202286651995753, 0.47598350652781657, 0.5692823630799589, 0.4044270295474621, 0.30605955195662266, 0.30406205917216433, 0.3650048307201519, 0.4019762320025144, 0.45981650037955263, 0.5080901061927413]}