{"gen": [0, 1, 2, 3, 4, 5, 6, 7, 8, 9, 10, 11, 12, 13, 14, 15, 16, 17, 18, 19, 20, 21, 22, 23, 24, 25, 26, 27, 28, 29, 30, 31, 32, 33, 34, 35, 36, 37, 38, 39, 40, 41, 42, 43, 44, 45, 46, 47, 48, 49, 50, 51, 52, 53, 54, 55, 56, 57, 58, 59, 60, 61, 62, 63, 64, 65, 66, 67, 68, 69, 70, 71, 72, 73, 74, 75, 76, 77, 78, 79, 80, 81, 82, 83, 84, 85, 86, 87, 88, 89, 90, 91, 92, 93, 94, 95, 96, 97, 98, 99], "best_fitness": [0.3317924439907074, 0.3314891755580902, 0.32975900173187256, 0.32746464014053345, 0.3227151930332184, 0.3176306188106537, 0.31715115904808044, 0.31397131085395813, 0.3120414912700653, 0.31192079186439514, 0.30656301975250244, 0.30642443895339966, 0.3051724135875702, 0.3048385977745056, 0.30263519287109375, 0.30263519287109375, 0.30181074142456055, 0.3008347749710083, 0.2996702194213867, 0.2978787124156952, 0.2973461151123047, 0.2966647744178772, 0.29577669501304626, 0.2945101857185364, 0.2915482819080353, 0.2909502685070038, 0.28889304399490356, 0.2885490357875824, 0.2877533733844757, 0.28759026527404785, 0.2864247262477875, 0.2862612009048462, 0.28513303399086, 0.2846468985080719, 0.2826051115989685, 0.28183701634407043, 0.28146111965179443, 0.2782217860221863, 0.2782113254070282, 0.27755340933799744, 0.27593082189559937, 0.27545130252838135, 0.27460819482803345, 0.27283117175102234, 0.2705475389957428, 0.2704276442527771, 0.26958850026130676, 0.2691909670829773, 0.2682975232601166, 0.26742395758628845, 0.26680734753608704, 0.2661556601524353, 0.26481324434280396, 0.26415327191352844, 0.263590008020401, 0.26256319880485535, 0.26256319880485535, 0.26157280802726746, 0.26039496064186096, 0.259004682302475, 0.2573951780796051, 0.25659188628196716, 0.2561737895011902, 0.2558416426181793, 0.25368526577949524, 0.2522830069065094, 0.2522830069065094, 0.2518567442893982, 0.25158965587615967, 0.25150951743125916, 0.2510371208190918, 0.25005656480789185, 0.24890883266925812, 0.24890883266925812, 0.24619907140731812, 0.2456052005290985, 0.24517643451690674, 0.24517643451690674, 0.24400782585144043, 0.24388179183006287, 0.24367666244506836, 0.24277833104133606, 0.2420610636472702, 0.2420610636472702, 0.24104328453540802, 0.24069516360759735, 0.24023659527301788, 0.2395871877670288, 0.23795105516910553, 0.23795105516910553, 0.2370598316192627, 0.2356318235397339, 0.2354537695646286, 0.2354537695646286, 0.23487766087055206, 0.2338152974843979, 0.2338152974843979, 0.2332582026720047, 0.2330193966627121, 0.2328115999698639], "geno_var": [0.07067625224590302, 0.06227625533938408, 0.039545994251966476, 0.019118359312415123, 0.023213377222418785, 0.03086439147591591, 0.03038281947374344, 0.02729046531021595, 0.023484405130147934, 0.021908355876803398, 0.023214904591441154, 0.02122834511101246, 0.018589984625577927, 0.013490607962012291, 0.009918407537043095, 0.0066275461576879025, 0.004783702548593283, 0.005382553208619356, 0.004985674750059843, 0.005899796262383461, 0.004266756121069193, 0.002746601589024067, 0.003248874330893159, 0.0035102604888379574, 0.004121758509427309, 0.0031600219663232565, 0.002588086063042283, 0.0020748686511069536, 0.0014915531501173973, 0.0008501765551045537, 0.0007148048025555909, 0.00052621029317379, 0.000612015777733177, 0.0006012172671034932, 0.0005434696795418859, 0.0006037285202182829, 0.0005589354550465941, 0.0005472478223964572, 0.0005078341928310692, 0.00034208307624794543, 0.00021906093752477318, 0.0003315952781122178, 0.00030019189580343664, 0.00022917066235095263, 0.00029819749761372805, 0.00021263772214297205, 0.00010496559843886644, 9.12345785764046e-05, 8.434207120444626e-05, 8.829189755488187e-05, 9.775322541827336e-05, 0.00010683151776902378, 0.00011331542191328481, 0.00012397491082083434, 0.00012183780199848115, 0.0001227220636792481, 0.00012456080003175884, 0.00012869914644397795, 0.00014306661614682525, 0.0001466040121158585, 0.00014309071411844343, 0.0001296353293582797, 0.00011507744784466922, 9.133431012742221e-05, 9.68805979937315e-05, 0.00010217662202194333, 8.148943743435666e-05, 7.986168202478439e-05, 8.226722275139764e-05, 8.22628935566172e-05, 7.785075285937637e-05, 8.789871935732663e-05, 9.718543151393533e-05, 0.0001213217547046952, 0.00012739912199322134, 0.00012573647836688906, 0.00012716170749627054, 0.0001341384631814435, 0.00012956204591318965, 0.0001227856264449656, 0.00013275411038193852, 0.00013592302275355905, 0.00013169276644475758, 0.00012317176151555032, 0.00011915142385987565, 0.00011834353063022718, 0.0001195129007101059, 0.00011379164789104834, 0.00010853975982172415, 0.00010668903269106522, 0.00011316260497551411, 0.00010447502427268773, 0.00010821319301612675, 0.00010949413263006136, 0.00011483080743346363, 0.00012230608263053, 0.00012300469097681344, 0.00012665473332162946, 0.0001342125324299559, 0.0001342125324299559], "geno_entropy": [3.1645150316213613, 2.4210901341692583, 1.335132742763149, 0.6405311048418155, 0.6748597406357293, 0.8242736233354199, 0.8128804721023568, 0.7680063530564298, 0.6777126641896458, 0.6373633263508095, 0.6804837686952885, 0.6488296980356341, 0.5993849244137712, 0.49058740180058047, 0.3888981755338991, 0.3203095113302921, 0.28513505323019644, 0.3105800500688306, 0.3125317974497054, 0.3308739084027775, 0.2935021406947202, 0.26454912079882364, 0.2959454798900099, 0.3144436014528475, 0.3252364395813681, 0.30644176282968355, 0.28163405332913455, 0.2782355344933674, 0.2611396805247072, 0.22886624111258794, 0.21857464641280752, 0.22143288691694357, 0.23414104794621055, 0.2326465866509692, 0.24156288859584527, 0.23860777260420288, 0.23247987978772447, 0.2203344755624477, 0.2195252404309648, 0.20809007918539946, 0.22554123993576905, 0.24337540941062258, 0.24504137198948328, 0.24146356964497337, 0.2325733868915122, 0.218039149337074, 0.1773369583277432, 0.15527886233097613, 0.14580714204535836, 0.15471658728363463, 0.16812674535228114, 0.1778580715971744, 0.1821267760622361, 0.1924840298655354, 0.1812322106188999, 0.18740846995855842, 0.18696380616177025, 0.1997691677489911, 0.21158406531327445, 0.2133400069238217, 0.2145036995796275, 0.19963845789051482, 0.18627054902888465, 0.16514611290851808, 0.17746239965408972, 0.18653139293874757, 0.15273656050826698, 0.1506746082417523, 0.14699299492469112, 0.1448713894559429, 0.14430153813319302, 0.15355074429160556, 0.16609257836216312, 0.19366221070687106, 0.20310107964223584, 0.19709071402016787, 0.20319212157139993, 0.21684758413875718, 0.20792402556591294, 0.2011550339479515, 0.2056071089878609, 0.1999579564135403, 0.196991435025912, 0.19099627028055347, 0.19161728224446586, 0.19494605988707486, 0.19574787169519356, 0.1978350521996048, 0.1904725965344115, 0.18543820064561586, 0.19268738156653428, 0.18076466131416635, 0.18870211554173966, 0.19269406098777625, 0.19490301158208403, 0.2075471084522423, 0.20640276798366475, 0.2062467322412522, 0.21285250113012985, 0.21285250113012985], "pheno_gen": [0, 5, 10, 15, 20, 25, 30, 35, 40, 45, 50, 55, 60, 65, 70, 75, 80, 85, 90, 95], "pheno_var": [0.0670977458357811, 0.015481766313314438, 0.014936698600649834, 0.01053688395768404, 0.01054326444864273, 0.010859472677111626, 0.008310345932841301, 0.009834597818553448, 0.00956769473850727, 0.008982576429843903, 0.007156164385378361, 0.0086970841512084, 0.007973484694957733, 0.006269415374845266, 0.007916457951068878, 0.006924872286617756, 0.005146591458469629, 0.0031566249672323465, 0.0030586584471166134, 0.007190180476754904], "pheno_entropy": [2.030309915420716, 0.8334814781559094, 0.7317277898734316, 0.41415374932890503, 0.33132007866766805, 0.45604338300121794, 0.3563793343314256, 0.3694098474293983, 0.30841562060367067, 0.37600965367141465, 0.27713612988790987, 0.3149730839018167, 0.3488161989095649, 0.34026475047204136, 0.30399013010792403, 0.32671033701002167, 0.236222111092804, 0.1729229625205231, 0.22062847297112143, 0.26621579921069016]}