{"gen": [0, 1, 2, 3, 4, 5, 6, 7, 8, 9, 10, 11, 12, 13, 14, 15, 16, 17, 18, 19, 20, 21, 22, 23, 24, 25, 26, 27, 28, 29, 30, 31, 32, 33, 34, 35, 36, 37, 38, 39, 40, 41, 42, 43, 44, 45, 46, 47, 48, 49, 50, 51, 52, 53, 54, 55, 56, 57, 58, 59, 60, 61, 62, 63, 64, 65, 66, 67, 68, 69, 70, 71, 72, 73, 74, 75, 76, 77, 78, 79, 80, 81, 82, 83, 84, 85, 86, 87, 88, 89, 90, 91, 92, 93, 94, 95, 96, 97, 98, 99], "best_fitness": [0.32739514112472534, 0.3271797001361847, 0.31214356422424316, 0.3006749749183655, 0.2983000576496124, 0.29234546422958374, 0.29234546422958374, 0.29161685705184937, 0.29136452078819275, 0.29005691409111023, 0.2894446849822998, 0.28916361927986145, 0.28734448552131653, 0.28699108958244324, 0.2828487157821655, 0.2828487157821655, 0.2828487157821655, 0.2823540270328522, 0.28122538328170776, 0.27945560216903687, 0.2788545489311218, 0.2780822813510895, 0.27522024512290955, 0.27448537945747375, 0.2740882933139801, 0.2726854383945465, 0.27176424860954285, 0.269803911447525, 0.26872190833091736, 0.26663753390312195, 0.2654820382595062, 0.26472899317741394, 0.2640431523323059, 0.26339563727378845, 0.26221778988838196, 0.2617141604423523, 0.2596149444580078, 0.25745660066604614, 0.257388174533844, 0.25730934739112854, 0.2560462951660156, 0.2549276053905487, 0.25461167097091675, 0.25350937247276306, 0.25235357880592346, 0.25184544920921326, 0.25184544920921326, 0.2517988085746765, 0.25124552845954895, 0.25118982791900635, 0.2500078082084656, 0.2489783763885498, 0.2489783763885498, 0.24796795845031738, 0.24752546846866608, 0.2468315064907074, 0.24655044078826904, 0.24600550532341003, 0.24462126195430756, 0.243560329079628, 0.2432854175567627, 0.24308155477046967, 0.2423214614391327, 0.24194715917110443, 0.24194715917110443, 0.24117186665534973, 0.24015924334526062, 0.2395036816596985, 0.2389976531267166, 0.23652291297912598, 0.23637360334396362, 0.23622223734855652, 0.2360096424818039, 0.23567180335521698, 0.23553845286369324, 0.23477663099765778, 0.23472478985786438, 0.23335424065589905, 0.23309700191020966, 0.23205280303955078, 0.23164431750774384, 0.2316361516714096, 0.23074372112751007, 0.23074372112751007, 0.23058843612670898, 0.22947266697883606, 0.22932392358779907, 0.22824953496456146, 0.22755198180675507, 0.22755198180675507, 0.22686177492141724, 0.22608409821987152, 0.2256094217300415, 0.2253982573747635, 0.22518137097358704, 0.22425399720668793, 0.22425399720668793, 0.22331026196479797, 0.22330883145332336, 0.2228686362504959], "geno_var": [0.06946831196546555, 0.06028001382946968, 0.04299938306212425, 0.03759871423244476, 0.038726046681404114, 0.0255174208432436, 0.021570080891251564, 0.02375594899058342, 0.017151860520243645, 0.012598361819982529, 0.011098421178758144, 0.010535822249948978, 0.010234004817903042, 0.008014596067368984, 0.007747962139546871, 0.007881511934101582, 0.007879573851823807, 0.007735400460660458, 0.006719538941979408, 0.006365475710481405, 0.006043913308531046, 0.006045632530003786, 0.005847737193107605, 0.004738285206258297, 0.00451749237254262, 0.004186909645795822, 0.004285248462110758, 0.004099914338439703, 0.0038588775787502527, 0.0034281183034181595, 0.0032717292197048664, 0.0032008513808250427, 0.003287221770733595, 0.0030544239562004805, 0.0029709390364587307, 0.002987518208101392, 0.0028602362144738436, 0.0027488060295581818, 0.0027566675562411547, 0.0026788220275193453, 0.0026363327633589506, 0.002548663644120097, 0.002545142313465476, 0.002435424132272601, 0.0024738935753703117, 0.002413767157122493, 0.002166089601814747, 0.0022560020443052053, 0.0022633045446127653, 0.002125875558704138, 0.0018952987156808376, 0.0019778774585574865, 0.002104933373630047, 0.0021504464093595743, 0.00211510481312871, 0.002106146886944771, 0.002083704574033618, 0.002058303914964199, 0.002121406840160489, 0.002109210705384612, 0.002069700974971056, 0.001979667693376541, 0.0019527962431311607, 0.0017811409197747707, 0.0016604947159066796, 0.0017250297823920846, 0.0017813279991969466, 0.0017133837100118399, 0.001766653498634696, 0.0017446026904508471, 0.0017710189567878842, 0.001715117716230452, 0.0015894934767857194, 0.0016385683557018638, 0.0016293900553137064, 0.0016310084611177444, 0.0015913184033706784, 0.0017044537235051394, 0.0017483050469309092, 0.0017796896863728762, 0.0017841100925579667, 0.001832757145166397, 0.001834763097576797, 0.001860448275692761, 0.0018570793326944113, 0.0018483649473637342, 0.0018489499343559146, 0.0017831724835559726, 0.0018240063218399882, 0.001854265807196498, 0.001824457780458033, 0.0017914138734340668, 0.001789785223081708, 0.001827822532504797, 0.0018255405593663454, 0.0018163268687203526, 0.0018125366186723113, 0.0018005471210926771, 0.0018001022981479764, 0.0018001022981479764], "geno_entropy": [3.109336462398076, 2.348358602013651, 1.55987684113589, 1.1859696008971696, 1.1855990074011875, 0.791480500210055, 0.6290338896665835, 0.678427884757045, 0.5433506712278456, 0.4502073689729608, 0.4096469266305603, 0.4047820059083281, 0.4095321751258768, 0.3512574665329176, 0.36333559229336404, 0.3725407497459293, 0.38191577964658335, 0.37086086623550046, 0.34006310780890214, 0.3418626717417435, 0.33085894856697745, 0.3271284966223406, 0.32107080659886994, 0.26836272358381297, 0.24668715286407258, 0.24918819117891874, 0.272039984486864, 0.28676382826927893, 0.2837768581725321, 0.2700822719170165, 0.279842536139664, 0.2803669364931415, 0.2791633916937951, 0.27906051631352463, 0.2889249359884975, 0.29315251801813547, 0.27867874469071685, 0.2699509836784925, 0.26534299804306793, 0.2677056654814444, 0.27017770809647346, 0.2691736407515609, 0.2696649443191138, 0.2707746348520847, 0.2653875046707206, 0.2671088722916481, 0.24237482284828366, 0.2419506899165868, 0.23621843663123065, 0.24373500872933776, 0.2529692905548773, 0.2661538672462448, 0.26970021747528905, 0.27460891182167313, 0.2729516194898864, 0.2576594600775603, 0.24277137062468138, 0.23619853455931059, 0.25597322690384444, 0.2599489529261865, 0.26258164362834385, 0.2575149927369424, 0.25040136572101607, 0.2443408837845226, 0.2512814302114789, 0.2547056185062417, 0.27258146239564646, 0.27862410128424003, 0.29034460154396835, 0.2809478455500163, 0.271683738304278, 0.26042112529963546, 0.23871310574966859, 0.2548718290042477, 0.2555063283671696, 0.26717865712069605, 0.2653174888015292, 0.2690532622112794, 0.2603210079582928, 0.26759138649755887, 0.27825382301969165, 0.27601201041599094, 0.2676319091835849, 0.2759692347519679, 0.2736641513547113, 0.2785227059812333, 0.2707236251174426, 0.28266888452171013, 0.2842501739488597, 0.28179640038812, 0.2689434472848742, 0.26801561715912975, 0.2808675638484125, 0.29452372851549863, 0.2787703780870353, 0.28575458326419856, 0.2833380187695043, 0.28892665824082453, 0.25876780480207934, 0.25876780480207934], "pheno_gen": [0, 5, 10, 15, 20, 25, 30, 35, 40, 45, 50, 55, 60, 65, 70, 75, 80, 85, 90, 95], "pheno_var": [0.06906803697347641, 0.025509869679808617, 0.013230017386376858, 0.017413057386875153, 0.01566578820347786, 0.011763517744839191, 0.01426426786929369, 0.009949492290616035, 0.010593518614768982, 0.01278395764529705, 0.015041769482195377, 0.00772829819470644, 0.007219939958304167, 0.00819640327244997, 0.009203673340380192, 0.00878314208239317, 0.008924846537411213, 0.007303695660084486, 0.005682961083948612, 0.004907446913421154], "pheno_entropy": [2.0927946075123676, 0.7616126994157352, 0.3909896706334878, 0.5618993527673598, 0.5028761726171708, 0.42966141763122834, 0.46390408295966057, 0.31471132966472315, 0.3166678528690557, 0.3824448614298882, 0.43235343313067337, 0.2806998609888628, 0.28031496897133096, 0.2989939785309997, 0.28180320050431207, 0.2494505875685064, 0.25388155264129825, 0.20233970252115394, 0.2081724103874717, 0.19369290176080545]}