{"gen": [0, 1, 2, 3, 4, 5, 6, 7, 8, 9, 10, 11, 12, 13, 14, 15, 16, 17, 18, 19, 20, 21, 22, 23, 24, 25, 26, 27, 28, 29, 30, 31, 32, 33, 34, 35, 36, 37, 38, 39, 40, 41, 42, 43, 44, 45, 46, 47, 48, 49, 50, 51, 52, 53, 54, 55, 56, 57, 58, 59, 60, 61, 62, 63, 64, 65, 66, 67, 68, 69, 70, 71, 72, 73, 74, 75, 76, 77, 78, 79, 80, 81, 82, 83, 84, 85, 86, 87, 88, 89, 90, 91, 92, 93, 94, 95, 96, 97, 98, 99], "best_fitness": [0.3356625735759735, 0.3341141939163208, 0.32770878076553345, 0.31909725069999695, 0.31527215242385864, 0.305428147315979, 0.2997846007347107, 0.2997846007347107, 0.29598766565322876, 0.29598766565322876, 0.29019758105278015, 0.2851790189743042, 0.2823241353034973, 0.2823241353034973, 0.2796674370765686, 0.27561110258102417, 0.2740897238254547, 0.27391767501831055, 0.27303481101989746, 0.27225956320762634, 0.2713870108127594, 0.2701515853404999, 0.2701515853404999, 0.26977014541625977, 0.26759642362594604, 0.2672412097454071, 0.2661447823047638, 0.26294922828674316, 0.2612918019294739, 0.26118576526641846, 0.2607843279838562, 0.25927120447158813, 0.25869911909103394, 0.2576667368412018, 0.25699612498283386, 0.2568005323410034, 0.2557359039783478, 0.25492921471595764, 0.25406771898269653, 0.253426194190979, 0.2509763240814209, 0.2505812644958496, 0.2503461539745331, 0.24946115911006927, 0.2487773448228836, 0.24768859148025513, 0.24673010408878326, 0.24538026750087738, 0.24493414163589478, 0.24380198121070862, 0.24358482658863068, 0.24267496168613434, 0.24267496168613434, 0.24185998737812042, 0.24128882586956024, 0.24111057817935944, 0.23999685049057007, 0.23982013761997223, 0.23893792927265167, 0.23839135468006134, 0.23796217143535614, 0.2377478927373886, 0.23733176290988922, 0.23502092063426971, 0.2347603738307953, 0.2347603738307953, 0.2340465486049652, 0.2340465486049652, 0.23366457223892212, 0.23334313929080963, 0.23334313929080963, 0.23334313929080963, 0.2331388145685196, 0.23306874930858612, 0.2327471226453781, 0.23184895515441895, 0.23156113922595978, 0.23118378221988678, 0.23082312941551208, 0.2307111918926239, 0.23008035123348236, 0.22889600694179535, 0.22879619896411896, 0.22879619896411896, 0.22817164659500122, 0.22739367187023163, 0.22711661458015442, 0.22630885243415833, 0.22588194906711578, 0.22579285502433777, 0.22519518435001373, 0.22431379556655884, 0.22431379556655884, 0.22369521856307983, 0.2228696346282959, 0.22268803417682648, 0.22241388261318207, 0.222018763422966, 0.22145265340805054, 0.22082114219665527], "geno_var": [0.07191258668899536, 0.0669618472456932, 0.06087687611579895, 0.05757613107562065, 0.056205205619335175, 0.05530684441328049, 0.05315200984477997, 0.05132202059030533, 0.048571448773145676, 0.04610171541571617, 0.04210107773542404, 0.04007893428206444, 0.04034818708896637, 0.03908572345972061, 0.03792080283164978, 0.03597094863653183, 0.03476589545607567, 0.033205918967723846, 0.031696826219558716, 0.030258560553193092, 0.02909141592681408, 0.028340766206383705, 0.02734195999801159, 0.026105230674147606, 0.025310786440968513, 0.024301767349243164, 0.022846780717372894, 0.021556515246629715, 0.02119993418455124, 0.020032798871397972, 0.01910235360264778, 0.01794731803238392, 0.018309688195586205, 0.017677001655101776, 0.01692732609808445, 0.016115747392177582, 0.015066906809806824, 0.015074733644723892, 0.01502189040184021, 0.015290442854166031, 0.015338464640080929, 0.01524941436946392, 0.015100774355232716, 0.015189810656011105, 0.014781789854168892, 0.014540448784828186, 0.014109989628195763, 0.014345168136060238, 0.01395195908844471, 0.013123040087521076, 0.01370445266366005, 0.013916580006480217, 0.013789522461593151, 0.01356696430593729, 0.013544393703341484, 0.013422645628452301, 0.013228400610387325, 0.01292109489440918, 0.012960079126060009, 0.013137913309037685, 0.013032043352723122, 0.012892142869532108, 0.012874335050582886, 0.012644844129681587, 0.012592466548085213, 0.012503692880272865, 0.012686649337410927, 0.012474128045141697, 0.012515885755419731, 0.012333895079791546, 0.012462982907891273, 0.01251440029591322, 0.012399512343108654, 0.012243240140378475, 0.01199475210160017, 0.012105504050850868, 0.012046276591718197, 0.011869492940604687, 0.01187566202133894, 0.011636091396212578, 0.011552369222044945, 0.011613907292485237, 0.011592661030590534, 0.01173424068838358, 0.01127593033015728, 0.011016706004738808, 0.010858885012567043, 0.010853011161088943, 0.010806960053741932, 0.01069048885256052, 0.010488418862223625, 0.010183464735746384, 0.010136476717889309, 0.010189068503677845, 0.010093685239553452, 0.010058952495455742, 0.009913600981235504, 0.00994913000613451, 0.009677411057054996, 0.009677411057054996], "geno_entropy": [3.0967203030272694, 2.5000997911775924, 1.9289791755460297, 1.704899566931057, 1.6592263799810498, 1.63396120365795, 1.5277772580071285, 1.4669982055151172, 1.3878641787891752, 1.3372618113687158, 1.2004882019090386, 1.1197752290628686, 1.1376495223158476, 1.1017086796750983, 1.0652789356631593, 1.0134583913257291, 0.9965793130659177, 0.960103814329212, 0.9013743690626046, 0.8874116597769718, 0.8718997481879256, 0.8353819802191014, 0.8058527117385976, 0.7651564849314536, 0.751582571282395, 0.7359005033903057, 0.699453066948031, 0.6729300917729265, 0.6701222771191635, 0.6633134036425523, 0.6307517529881463, 0.603719354698224, 0.6123165254883852, 0.6003372724509297, 0.5897359009079914, 0.5806984451329665, 0.5604031069013833, 0.5598189262569233, 0.5336165081524564, 0.5302688501641748, 0.5250920915557397, 0.5358548124938898, 0.5199224444468566, 0.5349389320673648, 0.5147768994580704, 0.5008458781718498, 0.4966635050112825, 0.5110505573846678, 0.5022938413868743, 0.4883010809700138, 0.49313883357692684, 0.49219216423887485, 0.48732994948151814, 0.48796989992429995, 0.48245348116907755, 0.4844648443640163, 0.49002415082234174, 0.47668133196068824, 0.482149362758842, 0.4871532614806405, 0.48874644561496833, 0.47274378439741055, 0.4779674462702674, 0.4587671445883967, 0.4489123507096215, 0.4531627414894432, 0.471536207076225, 0.4737311033176282, 0.4752950278926677, 0.4626474707562023, 0.4656453122089697, 0.4686034213567945, 0.4698790246504449, 0.4804263903282408, 0.4793522337569297, 0.48353883365959155, 0.4560432004079652, 0.4600501969001559, 0.4690611907689781, 0.4816813063094775, 0.4804456058722613, 0.4735678791053303, 0.47193892355240447, 0.4618084640408873, 0.4389406443693774, 0.42923655549963907, 0.4129318848071822, 0.4001748228909753, 0.41038310093901387, 0.41805464608266757, 0.42218808334449126, 0.42424020752861824, 0.4185034050742924, 0.4340358104535976, 0.4394750836639211, 0.4265581917303333, 0.41549861784320385, 0.42130306002350393, 0.4202135635146519, 0.4202135635146519], "pheno_gen": [0, 5, 10, 15, 20, 25, 30, 35, 40, 45, 50, 55, 60, 65, 70, 75, 80, 85, 90, 95], "pheno_var": [0.07547766715288162, 0.042380549013614655, 0.031567130237817764, 0.03408939391374588, 0.02768453024327755, 0.024493785575032234, 0.01615576259791851, 0.009124106727540493, 0.009084493853151798, 0.008633139543235302, 0.008472678251564503, 0.007032529450953007, 0.007328902371227741, 0.002558948937803507, 0.0017693827394396067, 0.0031805920880287886, 0.005624259822070599, 0.00448286859318614, 0.0034703498240560293, 0.003697115695104003], "pheno_entropy": [2.18460368421788, 1.2453507082633226, 0.8354247161825048, 0.6834191964801122, 0.5136075133989644, 0.48661231034992597, 0.348006928449591, 0.2744488452733479, 0.3594768454341498, 0.4031787911704523, 0.36688074782256924, 0.4276576560383559, 0.4193194140784262, 0.16370574955888556, 0.1708137081512652, 0.2264384558082307, 0.21809844791607616, 0.297500245456572, 0.174189688703014, 0.19334862022478488]}